inventory_version,year,segment,native_start_jst,native_end_jst,archive_name,member_name,source_url,observed_release_hint,observed_last_modified_utc,observed_content_length_bytes,media_type,record_format,catalog_era
1.0,1984,full-year,1984-01-01T00:00:00+09:00,1985-01-01T00:00:00+09:00,h1984.zip,h1984,https://www.data.jma.go.jp/eqev/data/bulletin/data/hypo/h1984.zip,lm-20160819T034858Z,2016-08-19T03:48:58Z,116739,application/zip,jma-hypocenter-96-byte-v1,LEGACY
1.0,1985,full-year,1985-01-01T00:00:00+09:00,1986-01-01T00:00:00+09:00,h1985.zip,h1985,https://www.data.jma.go.jp/eqev/data/bulletin/data/hypo/h1985.zip,lm-20160819T034843Z,2016-08-19T03:48:43Z,156996,application/zip,jma-hypocenter-96-byte-v1,LEGACY
1.0,1986,full-year,1986-01-01T00:00:00+09:00,1987-01-01T00:00:00+09:00,h1986.zip,h1986,https://www.data.jma.go.jp/eqev/data/bulletin/data/hypo/h1986.zip,lm-20160819T034839Z,2016-08-19T03:48:39Z,190285,application/zip,jma-hypocenter-96-byte-v1,LEGACY
1.0,1987,full-year,1987-01-01T00:00:00+09:00,1988-01-01T00:00:00+09:00,h1987.zip,h1987,https://www.data.jma.go.jp/eqev/data/bulletin/data/hypo/h1987.zip,lm-20160819T034801Z,2016-08-19T03:48:01Z,245940,application/zip,jma-hypocenter-96-byte-v1,LEGACY
1.0,1988,full-year,1988-01-01T00:00:00+09:00,1989-01-01T00:00:00+09:00,h1988.zip,h1988,https://www.data.jma.go.jp/eqev/data/bulletin/data/hypo/h1988.zip,lm-20160819T034801Z,2016-08-19T03:48:01Z,380335,application/zip,jma-hypocenter-96-byte-v1,LEGACY
1.0,1989,full-year,1989-01-01T00:00:00+09:00,1990-01-01T00:00:00+09:00,h1989.zip,h1989,https://www.data.jma.go.jp/eqev/data/bulletin/data/hypo/h1989.zip,lm-20160819T034803Z,2016-08-19T03:48:03Z,368601,application/zip,jma-hypocenter-96-byte-v1,LEGACY
1.0,1990,full-year,1990-01-01T00:00:00+09:00,1991-01-01T00:00:00+09:00,h1990.zip,h1990,https://www.data.jma.go.jp/eqev/data/bulletin/data/hypo/h1990.zip,lm-20160819T034936Z,2016-08-19T03:49:36Z,342370,application/zip,jma-hypocenter-96-byte-v1,LEGACY
1.0,1991,full-year,1991-01-01T00:00:00+09:00,1992-01-01T00:00:00+09:00,h1991.zip,h1991,https://www.data.jma.go.jp/eqev/data/bulletin/data/hypo/h1991.zip,lm-20160819T035014Z,2016-08-19T03:50:14Z,334578,application/zip,jma-hypocenter-96-byte-v1,LEGACY
1.0,1992,full-year,1992-01-01T00:00:00+09:00,1993-01-01T00:00:00+09:00,h1992.zip,h1992,https://www.data.jma.go.jp/eqev/data/bulletin/data/hypo/h1992.zip,lm-20160819T034902Z,2016-08-19T03:49:02Z,444044,application/zip,jma-hypocenter-96-byte-v1,LEGACY
1.0,1993,full-year,1993-01-01T00:00:00+09:00,1994-01-01T00:00:00+09:00,h1993.zip,h1993,https://www.data.jma.go.jp/eqev/data/bulletin/data/hypo/h1993.zip,lm-20160819T034929Z,2016-08-19T03:49:29Z,652572,application/zip,jma-hypocenter-96-byte-v1,LEGACY
1.0,1994,full-year,1994-01-01T00:00:00+09:00,1995-01-01T00:00:00+09:00,h1994.zip,h1994,https://www.data.jma.go.jp/eqev/data/bulletin/data/hypo/h1994.zip,lm-20160819T034758Z,2016-08-19T03:47:58Z,755738,application/zip,jma-hypocenter-96-byte-v1,LEGACY
1.0,1995,full-year,1995-01-01T00:00:00+09:00,1996-01-01T00:00:00+09:00,h1995.zip,h1995,https://www.data.jma.go.jp/eqev/data/bulletin/data/hypo/h1995.zip,lm-20160819T034854Z,2016-08-19T03:48:54Z,1528535,application/zip,jma-hypocenter-96-byte-v1,LEGACY
1.0,1996,full-year,1996-01-01T00:00:00+09:00,1997-01-01T00:00:00+09:00,h1996.zip,h1996,https://www.data.jma.go.jp/eqev/data/bulletin/data/hypo/h1996.zip,lm-20160819T034757Z,2016-08-19T03:47:57Z,1341515,application/zip,jma-hypocenter-96-byte-v1,LEGACY
1.0,1997,jan-sep,1997-01-01T00:00:00+09:00,1997-10-01T00:00:00+09:00,h199701.zip,h199701,https://www.data.jma.go.jp/eqev/data/bulletin/data/hypo/h199701.zip,lm-20160819T034813Z,2016-08-19T03:48:13Z,1083079,application/zip,jma-hypocenter-96-byte-v1,LEGACY
1.0,1997,oct-dec,1997-10-01T00:00:00+09:00,1998-01-01T00:00:00+09:00,h199710.zip,h199710,https://www.data.jma.go.jp/eqev/data/bulletin/data/hypo/h199710.zip,lm-20160819T034925Z,2016-08-19T03:49:25Z,452012,application/zip,jma-hypocenter-96-byte-v1,UNIFIED
1.0,1998,full-year,1998-01-01T00:00:00+09:00,1999-01-01T00:00:00+09:00,h1998.zip,h1998,https://www.data.jma.go.jp/eqev/data/bulletin/data/hypo/h1998.zip,lm-20160819T034945Z,2016-08-19T03:49:45Z,2153080,application/zip,jma-hypocenter-96-byte-v1,UNIFIED
1.0,1999,full-year,1999-01-01T00:00:00+09:00,2000-01-01T00:00:00+09:00,h1999.zip,h1999,https://www.data.jma.go.jp/eqev/data/bulletin/data/hypo/h1999.zip,lm-20160819T034832Z,2016-08-19T03:48:32Z,2019749,application/zip,jma-hypocenter-96-byte-v1,UNIFIED
1.0,2000,full-year,2000-01-01T00:00:00+09:00,2001-01-01T00:00:00+09:00,h2000.zip,h2000,https://www.data.jma.go.jp/eqev/data/bulletin/data/hypo/h2000.zip,lm-20160819T034819Z,2016-08-19T03:48:19Z,2892423,application/zip,jma-hypocenter-96-byte-v1,UNIFIED
1.0,2001,full-year,2001-01-01T00:00:00+09:00,2002-01-01T00:00:00+09:00,h2001.zip,h2001,https://www.data.jma.go.jp/eqev/data/bulletin/data/hypo/h2001.zip,lm-20160819T034954Z,2016-08-19T03:49:54Z,3250829,application/zip,jma-hypocenter-96-byte-v1,UNIFIED
1.0,2002,full-year,2002-01-01T00:00:00+09:00,2003-01-01T00:00:00+09:00,h2002.zip,h2002,https://www.data.jma.go.jp/eqev/data/bulletin/data/hypo/h2002.zip,lm-20170321T061942Z,2017-03-21T06:19:42Z,3498623,application/zip,jma-hypocenter-96-byte-v1,UNIFIED
1.0,2003,full-year,2003-01-01T00:00:00+09:00,2004-01-01T00:00:00+09:00,h2003.zip,h2003,https://www.data.jma.go.jp/eqev/data/bulletin/data/hypo/h2003.zip,lm-20250109T060949Z,2025-01-09T06:09:49Z,3901001,application/zip,jma-hypocenter-96-byte-v1,UNIFIED
1.0,2004,full-year,2004-01-01T00:00:00+09:00,2005-01-01T00:00:00+09:00,h2004.zip,h2004,https://www.data.jma.go.jp/eqev/data/bulletin/data/hypo/h2004.zip,lm-20250109T061017Z,2025-01-09T06:10:17Z,3687416,application/zip,jma-hypocenter-96-byte-v1,UNIFIED
1.0,2005,full-year,2005-01-01T00:00:00+09:00,2006-01-01T00:00:00+09:00,h2005.zip,h2005,https://www.data.jma.go.jp/eqev/data/bulletin/data/hypo/h2005.zip,lm-20160819T035012Z,2016-08-19T03:50:12Z,3632542,application/zip,jma-hypocenter-96-byte-v1,UNIFIED
1.0,2006,full-year,2006-01-01T00:00:00+09:00,2007-01-01T00:00:00+09:00,h2006.zip,h2006,https://www.data.jma.go.jp/eqev/data/bulletin/data/hypo/h2006.zip,lm-20160819T034951Z,2016-08-19T03:49:51Z,3183976,application/zip,jma-hypocenter-96-byte-v1,UNIFIED
1.0,2007,full-year,2007-01-01T00:00:00+09:00,2008-01-01T00:00:00+09:00,h2007.zip,h2007,https://www.data.jma.go.jp/eqev/data/bulletin/data/hypo/h2007.zip,lm-20160819T034959Z,2016-08-19T03:49:59Z,3488351,application/zip,jma-hypocenter-96-byte-v1,UNIFIED
1.0,2008,full-year,2008-01-01T00:00:00+09:00,2009-01-01T00:00:00+09:00,h2008.zip,h2008,https://www.data.jma.go.jp/eqev/data/bulletin/data/hypo/h2008.zip,lm-20160819T034810Z,2016-08-19T03:48:10Z,3535259,application/zip,jma-hypocenter-96-byte-v1,UNIFIED
1.0,2009,full-year,2009-01-01T00:00:00+09:00,2010-01-01T00:00:00+09:00,h2009.zip,h2009,https://www.data.jma.go.jp/eqev/data/bulletin/data/hypo/h2009.zip,lm-20160819T034837Z,2016-08-19T03:48:37Z,3802556,application/zip,jma-hypocenter-96-byte-v1,UNIFIED
1.0,2010,full-year,2010-01-01T00:00:00+09:00,2011-01-01T00:00:00+09:00,h2010.zip,h2010,https://www.data.jma.go.jp/eqev/data/bulletin/data/hypo/h2010.zip,lm-20160819T034934Z,2016-08-19T03:49:34Z,3688946,application/zip,jma-hypocenter-96-byte-v1,UNIFIED
1.0,2011,full-year,2011-01-01T00:00:00+09:00,2012-01-01T00:00:00+09:00,h2011.zip,h2011,https://www.data.jma.go.jp/eqev/data/bulletin/data/hypo/h2011.zip,lm-20250109T061038Z,2025-01-09T06:10:38Z,7955061,application/zip,jma-hypocenter-96-byte-v1,UNIFIED
1.0,2012,full-year,2012-01-01T00:00:00+09:00,2013-01-01T00:00:00+09:00,h2012.zip,h2012,https://www.data.jma.go.jp/eqev/data/bulletin/data/hypo/h2012.zip,lm-20180131T012031Z,2018-01-31T01:20:31Z,4874001,application/zip,jma-hypocenter-96-byte-v1,UNIFIED
1.0,2013,full-year,2013-01-01T00:00:00+09:00,2014-01-01T00:00:00+09:00,h2013.zip,h2013,https://www.data.jma.go.jp/eqev/data/bulletin/data/hypo/h2013.zip,lm-20180131T012031Z,2018-01-31T01:20:31Z,3888296,application/zip,jma-hypocenter-96-byte-v1,UNIFIED
1.0,2014,full-year,2014-01-01T00:00:00+09:00,2015-01-01T00:00:00+09:00,h2014.zip,h2014,https://www.data.jma.go.jp/eqev/data/bulletin/data/hypo/h2014.zip,lm-20160819T035005Z,2016-08-19T03:50:05Z,3803135,application/zip,jma-hypocenter-96-byte-v1,UNIFIED
1.0,2015,full-year,2015-01-01T00:00:00+09:00,2016-01-01T00:00:00+09:00,h2015.zip,h2015,https://www.data.jma.go.jp/eqev/data/bulletin/data/hypo/h2015.zip,lm-20180131T012031Z,2018-01-31T01:20:31Z,3384915,application/zip,jma-hypocenter-96-byte-v1,UNIFIED
1.0,2016,full-year,2016-01-01T00:00:00+09:00,2017-01-01T00:00:00+09:00,h2016.zip,h2016,https://www.data.jma.go.jp/eqev/data/bulletin/data/hypo/h2016.zip,lm-20210401T074408Z,2021-04-01T07:44:08Z,8221979,application/zip,jma-hypocenter-96-byte-v1,UNIFIED
1.0,2017,full-year,2017-01-01T00:00:00+09:00,2018-01-01T00:00:00+09:00,h2017.zip,h2017,https://www.data.jma.go.jp/eqev/data/bulletin/data/hypo/h2017.zip,lm-20210401T074409Z,2021-04-01T07:44:09Z,7907333,application/zip,jma-hypocenter-96-byte-v1,UNIFIED
1.0,2018,full-year,2018-01-01T00:00:00+09:00,2019-01-01T00:00:00+09:00,h2018.zip,h2018,https://www.data.jma.go.jp/eqev/data/bulletin/data/hypo/h2018.zip,lm-20210401T074409Z,2021-04-01T07:44:09Z,6973661,application/zip,jma-hypocenter-96-byte-v1,UNIFIED
1.0,2019,full-year,2019-01-01T00:00:00+09:00,2020-01-01T00:00:00+09:00,h2019.zip,h2019,https://www.data.jma.go.jp/eqev/data/bulletin/data/hypo/h2019.zip,lm-20211014T093606Z,2021-10-14T09:36:06Z,6114956,application/zip,jma-hypocenter-96-byte-v1,UNIFIED
1.0,2020,full-year,2020-01-01T00:00:00+09:00,2021-01-01T00:00:00+09:00,h2020.zip,h2020,https://www.data.jma.go.jp/eqev/data/bulletin/data/hypo/h2020.zip,lm-20221110T052954Z,2022-11-10T05:29:54Z,6902549,application/zip,jma-hypocenter-96-byte-v1,UNIFIED
1.0,2021,full-year,2021-01-01T00:00:00+09:00,2022-01-01T00:00:00+09:00,h2021.zip,h2021,https://www.data.jma.go.jp/eqev/data/bulletin/data/hypo/h2021.zip,lm-20230414T044848Z,2023-04-14T04:48:48Z,7225450,application/zip,jma-hypocenter-96-byte-v1,UNIFIED
1.0,2022,full-year,2022-01-01T00:00:00+09:00,2023-01-01T00:00:00+09:00,h2022.zip,h2022,https://www.data.jma.go.jp/eqev/data/bulletin/data/hypo/h2022.zip,lm-20251020T045203Z,2025-10-20T04:52:03Z,7796417,application/zip,jma-hypocenter-96-byte-v1,UNIFIED
1.0,2023,full-year,2023-01-01T00:00:00+09:00,2024-01-01T00:00:00+09:00,h2023.zip,h2023,https://www.data.jma.go.jp/eqev/data/bulletin/data/hypo/h2023.zip,lm-20251210T014153Z,2025-12-10T01:41:53Z,6977812,application/zip,jma-hypocenter-96-byte-v1,UNIFIED
